id	title	artist	bpm	charts	type	game
496	Leather	Doin	200	S18 S21 D22	REMIX	PRIME 2
495	BEDLAM	SANY-ON	183	S8 S15 S18 D13 D20	NORMAL	PRIME 2
494	Hey U	MAZO	162	S5 S10 S15 D10 D16	NORMAL	PRIME 2
493	Overblow2	MAX	155	S5 S9 S15 D7 D14	NORMAL	PRIME 2
492	Acquaintance	Outsider	130	S20 D22	FULL	PRIME 2
491	Magical Vacation	SID-SOUND	154	S6 S11 S16 D7 D13	NORMAL	PRIME 2
490	SOBER	BIG BANG	135	S2 S4 S7 S13 D3 D14	NORMAL	PRIME 2
489	Shub Niggurath	Nato	220	S11 S15 S19 D17	NORMAL	PRIME 2
487	PRIME2 Opening	MAX	145	S7 S12 S17 D18	SHORT	PRIME 2
486	Up&Down	EXID	112	S8 S18 D19	FULL	PRIME 2
485	Seize My Day	Rainbowdragoneyes	160	S2 S6 S10 S14 S18 D7 D12 D19	NORMAL	PRIME 2
484	Redline	Archefluxx	170	S5 S10 S16 D13 D20	NORMAL	PRIME 2
483	Good Night	Dreamcatcher	196	S3 S5 S9 S17 D5 D19	NORMAL	PRIME 2
482	Start On Red	Nato	160	S4 S8 S11 S15 D12	NORMAL	PRIME 2
481	Super Stylin'	Warak	146	S7 S9 S11 S17 D9 D12	NORMAL	PRIME 2
480	Allegro Furioso	DM Ashura	176	S5 S10 S13 S17 D14	NORMAL	PRIME 2
479	Utsushiyo No Kaze feat.Kana	void	152	S7 S11 S16 D11 D19	NORMAL	PRIME 2
477	HUSH	Yassi Pressman & Nadine Lustre	82	S15 D16	FULL	PRIME 2
476	HUSH	Yassi Pressman & Nadine Lustre	82	S3 S5 S8 S14 D6 D15	NORMAL	PRIME 2
475	Hyperion	M2U	145	S5 S9 S14 D11 D18	NORMAL	PRIME 2
474	HELIX	ESTi	175	S5 S7 S11 S16 S18 D11 D15	NORMAL	PRIME 2
473	BOOMBAYAH	BLACKPINK	125	S10 S17 D18	FULL	PRIME 2
472	STEP	SID-SOUND	156	S7 S13 S17 D12 D18	NORMAL	PRIME 2
470	Chase Me	Dreamcatcher	200	S3 S5 S9 S15 S18 D11 D19	NORMAL	PRIME 2
469	Kasou Shinja	MAX	170	S4 S7 S9 S16 S18 D12 D19	NORMAL	PRIME 2
468	Me Gustas Tu	GFriend	106	S16 D17	FULL	PRIME 2
467	Just Kiddin	Vospi	125	S5 S13 S16 D9 D18 DP5	NORMAL	PRIME 2
466	Clue	Transin	140	S4 S8 S12 S16 S18 D10 D18 D20 DP4	NORMAL	PRIME 2
410	Death Moon	SHK	160	S9 S15 S19 D17 D22	SHORT	PRIME 2
409	Sarabande	MAX	157	S9 S16 S18 D17	SHORT	PRIME 2
408	BANG BANG BANG	BIG BANG	135	S6 S18 D20	FULL	PRIME 2
407	Vulcan	Memme	175	S22 D24	REMIX	PRIME 2
406	Le Grand Bleu	KIEN	165	S7 S12 S16 D9 D18 CO2 DP6	NORMAL	PRIME 2
405	Asterios -ReEntry-	ATAS	148	S4 S6 S11 S14 S17 D8 D18 DP3	NORMAL	PRIME 2
404	Christmas Memories	Warak	170	S3 S5 S8 S14 D9 D15 CO2 DP4	NORMAL	PRIME 2
403	Death Moon	SHK	160	S3 S6 S10 S14 S17 D7 D17 DP3	NORMAL	PRIME 2
402	Moon Light Dance	TatshMusicCircle	182	S3 S7 S11 S14 D4 D15 DP4	NORMAL	PRIME 2
401	Acquaintance	Outsider	130	S3 S7 S9 S17 D7 D18 CO2 DP4	NORMAL	PRIME 2
400	NUMBER NINE	T-ARA	128	S3 S5 S8 S11 S13 D8 D15 DP4	NORMAL	PRIME 2
399	You're the best	MAMAMOO	122	S2 S4 S6 S10 S15 D7 D10 DP2	NORMAL	PRIME 2
398	Up&Down	EXID	112	S2 S4 S7 S9 S15 D5 D15 DP5	NORMAL	PRIME 2
397	BOOMBAYAH	BLACKPINK	125	S2 S4 S6 S9 S13 D7 D15 CO2 DP3	NORMAL	PRIME 2
396	Jackpot	Block B	130	S1 S3 S6 S9 S15 D6 D15 DP3	NORMAL	PRIME 2
395	Pick Me	PRODUCE101	128	S1 S3 S5 S8 S13 D6 D10 D16 DP3	NORMAL	PRIME 2
394	RHYTHM TA	iKON	82	S2 S4 S7 S10 S15 D5 D11 DP4	NORMAL	PRIME 2
393	Me Gustas Tu	GFriend	106	S2 S4 S6 S13 D6 D14 D16 DP4	NORMAL	PRIME 2
392	BANG BANG BANG	BIG BANG	135	S1 S3 S5 S10 S15 SP3 D6 D16 DP3	NORMAL	PRIME 2
391	Arcana Force	mzet:-P	175	S4 S9 S16 D10 D17 DP2	NORMAL	PRIME 2
390	Sarabande	MAX	157	S2 S4 S7 S16 D11 D18 DP4	NORMAL	PRIME 2
389	Bring Back The Beat	Lunatic Sounds	160	S7 S12 S17 D8 DP5	NORMAL	PRIME 2
388	Further	Doin	194	S10 S18 S22 D14 D22 DP3	NORMAL	PRIME 2
387	God Mode feat. skizzo	Nato	152	S5 S8 S13 S18 D9 D17 DP4	NORMAL	PRIME 2
386	Hellfire	Memme	170	S7 S11 S15 D9 D23 DP4	NORMAL	PRIME 2
385	Last Rebirth	SHK	120	S3 S5 S8 S13 D7 D14 DP3	NORMAL	PRIME 2
384	Heavy Rotation	AKB48 (Cover)	178	S10 S15 S18 D9 D16 D20	SHORT	PRIME
383	Stardust Overdrive	typeMARS	175	S16 D17	SHORT	PRIME
382	PRIME opening	MAX	128	S15 D15 CO5	SHORT	PRIME
381	Move That Body!	DM Ashura	145	S16 D18	SHORT	PRIME
380	Rock the house	Matduke	175	S15 S18 D20	SHORT	PRIME
379	Selfishness	SID-SOUND	160	S17 D18	SHORT	PRIME
378	Silhouette_Effect	Nato	167	S18 D17	SHORT	PRIME
377	Yog-Sothoth	Nato	200	S13 S18 S21 D16 D21	SHORT	PRIME
376	Super Fantasy	SHK	145	S19 D17	SHORT	PRIME
375	Creed - 1st Desire -	TatshMusicCicle	163	S18 S23 D19 D24	FULL	PRIME
374	Bad Apple!! feat. Nomico	Masayoshi Minoshima	138	S10 S14 S17 D11 D18 D22 CO4	FULL	PRIME
373	FOUR SEASONS OF LONELINESS ver β	TatshMusicCicle	178	S14 S19 D14 D19	FULL	PRIME
372	Pandora	KARA	140	S17 D18	FULL	PRIME
371	Move That Body!	DM Ashura feat. Skizzo & Hanna	145	S17 S18 D19	FULL	PRIME
370	NoNoNo	Apink	106	S14 S15 D16	FULL	PRIME
369	Sugar Free	T-ara	128	S15 D15	FULL	PRIME
368	Bar Bar Bar	Crayon Pop	134	S6 D15	FULL	PRIME
367	PARADOXX	MAX & NATO	220	S21 S23 S26 D28	REMIX	PRIME
366	Avalanquiem	MAX & MEMME	175	S19 S23 D25	REMIX	PRIME
365	Beethoven Influenza	Banya & Warak	170	S18 S21 D21	REMIX	PRIME
364	Like Me	SHK	155	S6 S10 S14 S17 D11 D18 CO2	NORMAL	PRIME
363	HYPERCUBE	MAX	145	S6 S10 S15 S17 D10 D16 D20 DP4	NORMAL	PRIME
362	Break It Down	MAZO	176	S7 S14 S16 D5 D12 D17	NORMAL	PRIME
361	Heavy Rotation	AKB48 (Cover)	178	S2 S4 S5 S9 S16 S18 D6 D16 D19 CO2	NORMAL	PRIME
360	Unlock	Miura Daichi (Cover)	128	S2 S3 S5 S7 S11 S14 D3 D9 D15	NORMAL	PRIME
359	Just Hold on (To All Fighters)	void	170	S4 S7 S10 S16 S21 D12 D18 D22 D25 DP2	NORMAL	PRIME
358	Idealized Romance	ETIA.	140	S2 S4 S7 S11 S16 S18 D10 D18	NORMAL	PRIME
357	Queen Of The Red	ETIA.	188	S4 S7 S11 S15 S18 D12 D16 D19 DP3	NORMAL	PRIME
356	Bad ∞ End ∞ Night	HitoshizukuP X yama	204	S2 S4 S6 S10 S13 S17 S19 D11 D18 D23 DP4 CO3	NORMAL	PRIME
355	PRIME	Tatsh	165	S4 S7 S11 S16 S18 S20 D12 D16 D18 D20	NORMAL	PRIME
354	Houkago Stride	Last Note.	225	S3 S6 S10 S15 S19 D10 D16 D21	NORMAL	PRIME
353	Renai Yuusha	Last Note.	190	S3 S6 S12 S17 S19 D4 D13 D18 D20 CO3	NORMAL	PRIME
352	Trashy Innocence	Last Note.	230	S1 S3 S5 S10 S14 S20 D10 D15 D24 DP4 CO2	NORMAL	PRIME
351	Setsuna Trip	Last Note.	145	S1 S3 S5 S9 S13 S16 S18 D8 D14 D19 DP3 CO2	NORMAL	PRIME
350	Ai, Yurete…	TatshMusicCicle	152	S1 S3 S6 S9 S13 S16 D8 D15 D18	NORMAL	PRIME
349	FOUR SEASONS OF LONELINESS ver β	TatshMusicCicle	178	S1 S4 S6 S10 S14 S17 S20 D10 D14 D18 D21 DP2 CO2	NORMAL	PRIME
348	Sora no shirabe	TatshMusicCicle	172	S3 S8 S12 S15 S18 D11 D16 D20 CO2	NORMAL	PRIME
347	Creed - 1st Desire -	TatshMusicCicle	163	S4 S7 S12 S18 S21 D11 D18 D23 DP5	NORMAL	PRIME
346	Bad Apple!! feat. Nomico	Masayoshi Minoshima	138	S1 S3 S5 S9 S13 S15 S17 S19 D10 D18 D21 DP2	NORMAL	PRIME
345	Smile Diary	you	175	S4 S7 S11 S16 S19 D8 D17 D20	NORMAL	PRIME
344	Mitotsudiara	ETIA.	136	S1 S4 S9 S15 S18 D10 D16 D19	NORMAL	PRIME
343	Sudden Romance	void	152	S4 S6 S9 S14 S19 D8 D14 D19	NORMAL	PRIME
342	Imprinting	Sakuzyo	175	S4 S7 S11 S17 S20 D12 D20 D24 DP4	NORMAL	PRIME
341	Yoropiku Pikuyoro!	Bakusute Sotokanda Icchome	198	S3 S5 S9 S15 SP3 D5 D16 DP4	NORMAL	PRIME
340	Amai Yuuwaku Dangerous	Bakusute Sotokanda Icchome	125	S1 S3 S6 S11 S15 D5 D10 D16 DP3	NORMAL	PRIME
339	Moment Day	MAX	158	S3 S6 S10 S15 S17 S18 D9 D16 D19 CO2	NORMAL	PRIME
338	Reminiscence	MAX	155	S3 S6 S10 S17 D10 D18 DP3 CO2	NORMAL	PRIME
337	Stardust Overdrive	typeMARS	175	S4 S9 S16 S18 D5 D13 D16 D19 D24 DP3	NORMAL	PRIME
336	Enhance Reality	Matduke	170	S9 S14 S19 D11 D20	NORMAL	PRIME
335	Across the Ocean	Zircon	130	S3 S6 S9 S15 D11 D16	NORMAL	PRIME
334	Que Viva La Vida	Wisin Ft. Michel Teló	130	S2 S4 S6 S16 D7 D16	NORMAL	PRIME
333	Melodia	Lylloo feat. Egas	135	S2 S4 S6 S14 D4 D15	NORMAL	PRIME
332	Limbo	Daddy Yankee	125	S2 S4 S6 S15 D5 D15	NORMAL	PRIME
331	video out c	Vospi	198	S9 S14 S17 S22 D14 D23 DP4	NORMAL	PRIME
330	Karyawisata	Vesuvia x REDSHiFT	173	S4 S7 S10 S15 S17 S20 D7 D16 DP4	NORMAL	PRIME
329	Achluoias	D_AAN	200	S8 S15 S18 S22 S24 D12 D16 D24 D26 DP3	NORMAL	PRIME
328	Ragnarok	SynthWulf	170	S7 S11 S16 S18 S20 D9 D13 D17 DP3	NORMAL	PRIME
327	Feel My Happiness	3R2	175	S3 S10 S17 D6 D18	NORMAL	PRIME
326	Milky Way Galaxy	3R2	175	S6 S11 S17 D11 D18 DP2	NORMAL	PRIME
325	MATADOR	Cranky	168	S4 S7 S10 S18 S21 D7 D16 D19 D21 DP3	NORMAL	PRIME
324	Dolly KiSS	SID-SOUND	149	S3 S6 S14 S17 D6 D15 DP3	NORMAL	PRIME
323	Cosmical Rhythm	SID-SOUND	128	S3 S6 S8 S15 D10 D16 D18 DP2	NORMAL	PRIME
322	Selfishness	SID-SOUND	160	S3 S6 S11 S17 D12 D18 DP3	NORMAL	PRIME
321	THE REVOLUTION	MAX & DOOM	160	S7 S11 S17 S19 D12 D19 D22 DP3	NORMAL	PRIME
320	One	Epik High	135	S1 S3 S5 S15 D5 D16 DP3	NORMAL	PRIME
319	Ineffective Boss WIthout Power	Norazo	170	S4 S6 S8 S18 D5 D19 DP3 CO3	NORMAL	PRIME
318	Flying duck	Cherry Filter	158	S3 S7 S10 S16 D11 D18	NORMAL	PRIME
317	Loner	Outsider	125	S3 S5 S8 S15 S19 D6 D17 D22	NORMAL	PRIME
316	NoNoNo	Apink	106	S2 S3 S5 S14 SP15 D5 D14 DP4 DP15 CO2	NORMAL	PRIME
315	HER	Block B	162	S4 S6 S9 S16 D7 D17 DP3 CO2	NORMAL	PRIME
314	Sugar Free	T-ara	128	S4 S6 S8 S15 S17 D5 D16 DP3	NORMAL	PRIME
313	Supermagic	Supreme Team	112	S2 S4 S6 S14 D5 D15 DP4	NORMAL	PRIME
312	Hate, Don't Hate!	Dal shabet	123	S2 S4 S6 S15 D6 D16 DP2	NORMAL	PRIME
311	VENUS	SHINWHA	126	S2 S3 S5 S14 D6 D14	NORMAL	PRIME
310	Pandora	KARA	140	S2 S4 S7 S16 D6 D16 DP4	NORMAL	PRIME
309	I'm Sorry	CNBLUE	131	S4 S6 S9 S16 D8 D17 DP3	NORMAL	PRIME
308	very good	Block B	136	S3 S6 S9 S15 D5 D15 DP4	NORMAL	PRIME
307	ELVIS	AOA	135	S2 S4 S7 S15 S17 D5 D16 DP3	NORMAL	PRIME
306	On and On	VIXX	119	S2 S4 S6 S15 D5 D15 DP5	NORMAL	PRIME
305	Bar Bar Bar	Crayon Pop	134	S3 S5 S8 S14 D4 D11 D15 CO3	NORMAL	PRIME
304	Robot battle	CYO Style	198	S8 S12 S18 S21 D12 D19 D23 DP5	NORMAL	PRIME
303	You again my love	CYO Style & Henohenomoheji	137	S1 S3 S6 S14 D6 D14	NORMAL	PRIME
302	Campanella	Cashew	140	S6 S9 S16 D10 D16	NORMAL	PRIME
301	Red Snow	Cashew	170	S7 S11 S16 S19 D12 D20	NORMAL	PRIME
300	Point Zero One	SynthWulf	170	S9 S16 S20 D10 D17 D22 DP4	NORMAL	PRIME
299	scorpion king	r300k	113	S3 S5 S8 S15 S19 D10 D16 D20 DP3	NORMAL	PRIME
298	Rock the house	Matduke	175	S7 S10 S17 D10 D13 D18 D22 DP3	NORMAL	PRIME
297	Move That Body!	DM Ashura	145	S3 S5 S8 S12 S17 S20 D10 D18	NORMAL	PRIME
296	Annihilator Method	DM Ashura	192	S7 S10 S15 S19 D12 D20 D24 DP4	NORMAL	PRIME
295	Allegro Piu Mosso	DM Ashura	160	S4 S6 S11 S16 S19 D13 D19	NORMAL	PRIME
294	Sugar Conspiracy Theory	MAX	174	S1 S3 S6 S10 S15 S18 S19 D7 D11 D17 D20 DP5	NORMAL	PRIME
293	1950	SLAM	200	S17 S20 S23 S25 D21 D25 D27 DP3	NORMAL	PRIME
292	Blaze Emotion(Band version)	Yahpp	192	S2 S8 S17 D4 D18	NORMAL	PRIME
291	Hyacinth	Yahpp	192	S9 S13 S18 S21 D12 D19 D23	NORMAL	PRIME
290	Red Swan	Yahpp	172	S4 S6 S8 S18 D12 D20 D21 DP4 DP20 CO2	NORMAL	PRIME
289	Violet Perfume	SHK	140	S4 S6 S8 S14 S17 D10 D15 D19 DP4	NORMAL	PRIME
288	Super Fantasy	SHK	145	S4 S7 S10 S14 S16 S19 D11 D18 D21 DP2 CO2	NORMAL	PRIME
287	Removable Disk0	Doin	180	S3 S6 S15 D5 D16	NORMAL	PRIME
286	Leakage Voltage	Doin	180	S10 S15 S17 S20 D12 D19 D22	NORMAL	PRIME
285	Amphitryon	Gentle Stick	150	S6 S11 S18 D12 D20	NORMAL	PRIME
284	Hestia	Gentle Stick	150	S4 S7 S10 S18 D11 D20	NORMAL	PRIME
283	Mad5cience	Paul Bazooka	130	S5 S16 S20 D7 D16	NORMAL	PRIME
282	Meteorize	Paul Bazooka	136	S3 S5 S10 S15 S17 D8 D16 D18 DP3	NORMAL	PRIME
281	B2	MAX	158	S4 S7 S11 S16 S18 D13 D19 DP3	NORMAL	PRIME
280	You Got Me Crazy	MAX	128	S4 S6 S9 S17 S18 D5 D18 DP4	NORMAL	PRIME
279	Requiem	MAX	160	S4 S7 S11 S16 S19 D9 D19 D23 DP4	NORMAL	PRIME
278	Force of Ra	Memme	180	S7 S12 S17 S19 D12 D20	NORMAL	PRIME
277	Avalanche	Memme	175	S4 S6 S9 S18 S22 D10 D19 D24 DP3	NORMAL	PRIME
276	Chinese restaurant	Memme	175	S4 S7 S10 S16 S18 D10 D17 D20 DP3	NORMAL	PRIME
275	Silhouette_Effect	Nato	167	S4 S7 S10 S18 D12 D20 DP4	NORMAL	PRIME
274	Yog-Sothoth	Nato	200	S9 S18 S21 S23 D17 D23 D25 DP5 CO3	NORMAL	PRIME
273	Elysium	Warak	128	S4 S8 S15 D10 D16 DP2	NORMAL	PRIME
272	Latino Virus	Warak	170	S3 S7 S9 S17 D12 D19 DP3 CO2	NORMAL	PRIME
271	Katkoi	M2U	180	S7 S10 S14 S18 D12 D15 D19	NORMAL	PRIME
270	Nemesis	M2U	160	S4 S7 S11 S16 S18 D12 D20 DP4 CO2	NORMAL	PRIME
269	U Got Me Rocking	MAX	128	S17 D17	SHORT	FIESTA 2
268	Unique	SHK	145	S18 D16	SHORT	FIESTA 2
267	FFF	Doin	200	S18 D21	SHORT	FIESTA 2
266	Ignis Fatuus(DM Ashura Mix)	DM Ashura	220	S21 D21	SHORT	FIESTA 2
265	Passacaglia	SynthWulf	175	S17 D18	SHORT	FIESTA 2
264	Pop The Track	J-Mi & Midi-D	160	S18 D16	SHORT	FIESTA 2
263	What Are You Doin'?	Doin & MAX	200	S19 D24	REMIX	FIESTA 2
262	Infinity RMX	SynthWulf & MAX	175	S20 D20	REMIX	FIESTA 2
261	Mental Rider	SQUAR	120-140	S12 S16 S21 D13 D19 D23	NORMAL	FIESTA 2
260	Yeo rae a	SID SOUND	90.01	S1 S3 S5 S8 S13 D5 D12	NORMAL	FIESTA 2
259	Fllow me	SHK	155	S4 S6 S9 S14 S17 D9 D18 CO2	NORMAL	FIESTA 2
258	Windmill	Yak Won	246	S8 S13 S17 S21 D14 D18 D24	NORMAL	FIESTA 2
257	Log In	SHK	140	S4 S7 S10 S18 S21 D10 D20	NORMAL	FIESTA 2
256	Sugar Eyes	Sugar Eyes	122	S1 S3 S6 S8 S10 S13 D4 D9	NORMAL	FIESTA 2
255	Dam	Ben Chalatit	141	S1 S3 S5 S8 D4 D9	NORMAL	FIESTA 2
254	Online	Saykoji	118	S1 S4 S6 S15 D4 D15	NORMAL	FIESTA 2
253	Sik Asik	Ayu Ting Ting	147	S3 S5 S8 S13 D4 D14	NORMAL	FIESTA 2
252	Lucid(PIU Edit)	Yak Won	40-190	S4 S7 S10 S16 S20 D11 D20 D23 CO2	NORMAL	FIESTA 2
251	U Got Me Rocking	MAX	128	S3 S6 S8 S17 S18 D4 D17 DP3	NORMAL	FIESTA 2
250	D	MAX	180	S4 S7 S9 S18 D11 D18 D19	NORMAL	FIESTA 2
249	Accident	MAX	183	S4 S7 S10 S19 D11 D20	NORMAL	FIESTA 2
248	Unique	SHK	145	S3 S6 S10 S15 S17 D12 D16 D19	NORMAL	FIESTA 2
247	FFF	Doin	200	S10 S17 S23 D12 D22 D24 CO3	NORMAL	FIESTA 2
246	Hypnosis(SynthWulf Mix)	BanYa & SynthWulf	175	S8 S11 S17 S21 D13 D15 D20	NORMAL	FIESTA 2
245	Love Is A Danger Zone(Cranky Mix)	BanYa & Cranky	155	S6 S12 S18 S20 S22 D8 D16 D20 D24 CO2	NORMAL	FIESTA 2
244	Ignis Fatuus(DM Ashura Mix)	BanYa & DM Ashura	220	S9 S15 S19 S23 D15 D17 D19 D23 D25 CO2	NORMAL	FIESTA 2
243	Elise	DM Ashura	162	S4 S7 S10 S17 S19 S22 D13 D16 D23 CO2	NORMAL	FIESTA 2
242	Baroque Virus	Zircon	135	S5 S9 S17 D11 D18 D20	NORMAL	FIESTA 2
241	Passacaglia	SynthWulf	175	S4 S7 S10 S16 S20 D12 D17 D22 D24	NORMAL	FIESTA 2
240	Pop The Track	J-Mi & Midi-D	160	S2 S7 S9 S16 S19 D9 D18 D20 CO2	NORMAL	FIESTA 2
239	VVV	ZiGZaG	310	S18 S23 D16 D19	NORMAL	FIESTA 2
238	Dream To Nightmare	Nightmare	178	S19 S21 S22 D22 D24	NORMAL	FIESTA 2
237	Star Command	Zircon	155	S3 S5 S12 S15 S19 D14 D21 D23	NORMAL	FIESTA 2
236	Be Alive (Raaban Inc. Mix)	Stian K	142	S2 S5 S8 S15 S17 D10 D16 CO2	NORMAL	FIESTA 2
235	Xuxa	Smiley	160	S3 S5 S9 S14 D12 D18 CO2	NORMAL	FIESTA 2
234	Utopia	Smiley	166	S4 S7 S9 S17 D9 D18	NORMAL	FIESTA 2
233	Rainspark	Sanxion7	125	S2 S5 S9 S15 D5 D17	NORMAL	FIESTA 2
232	Heel and Toe	KURi-ZiLL	185	S2 S7 S9 S17 D11 CO2	NORMAL	FIESTA 2
231	RE-RAVE	KURi-ZiLL	146	S2 S6 S11 S16 S17 D12 D18	NORMAL	FIESTA 2
230	Take Me Back	KaW	172	S3 S7 S9 S17 D10 D16	NORMAL	FIESTA 2
229	Virtual Emotion	Inspector K	180	S3 S7 S11 S17 D18 CO2	NORMAL	FIESTA 2
228	Tribe Attacker	Hi-G	150	S3 S6 S9 S16 D10 D15 CO4	NORMAL	FIESTA 2
227	Rippin' It Up	Future Funk Squad	128	S2 S5 S9 S16 D4 D18	NORMAL	FIESTA 2
226	Hardkore of the North	Diclonius Kid	190	S4 S7 S11 S21 D16 D23	NORMAL	FIESTA 2
225	Ladybug	Coconut	133	S1 S3 S5 S13 D13 CO2	NORMAL	FIESTA 2
224	Switchback	Celldweller	112	S3 S5 S9 S15 S18 D10 D16 D18	NORMAL	FIESTA 2
223	Rockhill	Beltaine	140	S3 S6 S11 S16 D12 D18	NORMAL	FIESTA 2
222	Y2Z	Affinity	162	S3 S6 S9 S16 D9 D17	NORMAL	FIESTA 2
221	Monolith	Affinity	196	S3 S5 S9 S16 D13 D18	NORMAL	FIESTA 2
220	Jonathan's Dream	MAX&Seorryang (SID-SOUND)	140	S8 S16 D10 D15	NORMAL	FIESTA EX
219	Rave Until The Night Is Over	DM Ashura feat. MC Jay & Veronica	144	S2 S5 S9 S15 SP3 D11 D17 DP4	NORMAL	FIESTA EX
218	ASDF	Doin	170	S9 S17 D10 D17	NORMAL	FIESTA EX
217	Pine Nut	Doin	200	S13 S20 D16	NORMAL	FIESTA EX
216	Pavane	V.A.	160	S3 S6 S10 S17 SP2 D16 D22	NORMAL	FIESTA EX
215	X-Rave	DM Ashura	147	S16 D18	SHORT	FIESTA EX
214	Overblow	MAX	155	S18 D17	SHORT	FIESTA EX
213	Take Out	SHK	170	S18 D19	SHORT	FIESTA EX
212	Cleaner	Doin	203	S21 D20	SHORT	FIESTA EX
211	Trotpris	Doin	156	S14 D15	SHORT	FIESTA EX
210	Crashday	Crash	220	S22 D22	FULL	FIESTA EX
209	Interference	Doin	180	S18 D15 D18	FULL	FIESTA EX
208	Everybody Got 2 Know	MAX	128	S19 D18	REMIX	FIESTA EX
207	Vacuum Cleaner	Doin	222.22	S15 S20 S25 D20 D27	REMIX	FIESTA EX
206	Necromancy	Zircon	173	S4 S7 S10 S18 S20 SP2 D13 D19 D24 DP3	NORMAL	FIESTA EX
205	Smells Like A Chocolate	Vospi	175	S4 S6 S9 S16 SP1 D12 D17 DP3	NORMAL	FIESTA EX
204	Native	SHK	135	S3 S5 S9 S17 S20 SP2 D10 D18 DP3	NORMAL	FIESTA EX
203	X-Rave	DM Ashura	147	S3 S6 S9 S17 SP2 D11 D20 DP6	NORMAL	FIESTA EX
202	The Devil	Banya Production	130-240	S4 S6 S9 S12 S20 D13 D21 CO2	NORMAL	FIESTA EX
201	Hungarian Dance V	Banya Production	145	S4 S6 S8 S17 S18 SP2 D9 D17	NORMAL	FIESTA EX
200	Allegro Con Fuoco	DM Ashura	156	S4 S7 S11 S17 S22 SP1 D9 D18 D23 DP6	NORMAL	FIESTA EX
199	Gargoyle	Sanxion7	150	S4 S7 S9 S18 S22 SP2 D12 D20 D23	NORMAL	FIESTA EX
198	What Happened	Throwdown	130	S3 S7 S12 S17 S20 D20 D23	NORMAL	FIESTA EX
197	Crashday	Crash	220	S4 S6 S11 S17 S23 S24 D17 D26	NORMAL	FIESTA EX
196	We Got 2 Know	MAX	128	S1 S5 S8 S17 S20 SP2 D4 D18 DP3 CO2	NORMAL	FIESTA EX
195	Overblow	MAX	155	S4 S7 S10 S16 S18 S20 SP2 D12 D18 D20 DP3 CO2	NORMAL	FIESTA EX
194	Butterfly	MAX & Rorychesell (SID-SOUND)	128	S3 S6 S8 S13 S16 SP2 D7 D17 DP3	NORMAL	FIESTA EX
193	Take Out	SHK	170	S4 S7 S11 S17 S20 D13 D19 D22 D23 CO3	NORMAL	FIESTA EX
192	Reality	SHK	135	S3 S6 S8 S14 S17 SP4 D4 D15 DP2	NORMAL	FIESTA EX
191	Interference	Doin	180	S11 S18 SP2 D12 D19 D21 DP3	NORMAL	FIESTA EX
190	Cleaner	Doin	203	S4 S7 S12 S18 S22 S23 D20 D24 D26	NORMAL	FIESTA EX
189	Dieciseis	Nina Pilots	143	S2 S4 S6 S13 D5 D15	NORMAL	FIESTA
188	Napalm	Doin	185	S13 S19 S22 D14 D23	NORMAL	FIESTA
187	Tepris	Doin	145	S2 S4 S7 S16 D9 D18 CO2	NORMAL	FIESTA
186	Procedimientos Para Llegar A Un Común Acuerdo	PXNDX	160	S18 D16	SHORT	FIESTA
185	Destination	SHK	150	S9 S15 D18 D20	SHORT	FIESTA
184	Pumptris 8Bit ver.	YAHPP	162	S8 S16 D22	SHORT	FIESTA
183	Bemera	YAHPP	210	S13 S21 S23 D19	SHORT	FIESTA
182	K.O.A : Alice In Wonderworld	Banya Production	156	S8 S16 D18	SHORT	FIESTA
181	NX Opening	YAHPP	133	S16 D17	SHORT	FIESTA
180	Exceed2 Opening	Banya	178	S15 D19	SHORT	FIESTA
179	Witch Doctor	Banya	195	S14 S20 D16	SHORT	FIESTA
178	Moonlight	Banya	180	S16 S18 D20	SHORT	FIESTA
177	Solitary 2	Banya	136	S18 D17	SHORT	FIESTA
176	Winter	Banya	168	S6 S9 S16 D10 D17	SHORT	FIESTA
175	CHICKEN WING	Banya	200	S20 D13	SHORT	FIESTA
174	Extravaganza	Banya	195	S14 SP15 D14 D21	SHORT	FIESTA
173	Love is a Danger Zone pt. 2	Banya	162	S8 S19 D21	SHORT	FIESTA
172	Love is a Danger Zone	Banya	140	S13 S20 D17	SHORT	FIESTA
171	Final Audition Ep. 2-X	YAHPP	170	S20 D19	SHORT	FIESTA
170	Final Audition 3	Banya	130	S17 D16	SHORT	FIESTA
169	Final Audition 2	Banya	130	S16 D17	SHORT	FIESTA
168	Dawn of The Apocalypse	Vassline	100-210	S15 S21	FULL	FIESTA
167	NARCISISTA POR EXCELENCIA	PXNDX	164	S17 D18	FULL	FIESTA
166	Deja Vu	SOM2	115	S7 S16 D16	FULL	FIESTA
165	msgoon RMX pt.6	msgoon	150	S20 D19	REMIX	FIESTA
164	msgoon RMX pt.5	msgoon	102	S17 SP3 D17 DP4	REMIX	FIESTA
163	Set Up Me2 Mix	Banya Production	122	S17	REMIX	FIESTA
162	Pro POP Mix	Banya Production	151	S17	REMIX	FIESTA
161	Hard Core Rock Mix	Banya Production	196	S18 S21	REMIX	FIESTA
160	B.P Classic Remix 2	Banya Production	180	S11 S18	REMIX	FIESTA
159	PaPa helloizing	Banya Production	145-158	S8 S19	REMIX	FIESTA
158	B.P Classic Remix	Banya Production	164	S12 S18 D13 D19	REMIX	FIESTA
157	Pumping Jumping	Banya Production	116	S1 S3 S5 S13 S15 S17 S19 SP4 D6 D17 DP5 DP6	NORMAL	FIESTA
156	Mission Possible -Blow Back-	Banya Production	128	S18 SP3 D17 DP5	NORMAL	FIESTA
155	Phantom -Intermezzo-	Banya Production	140	S3 S7 S12 S15 S19 S21 D15 D19 D20 DP3	NORMAL	FIESTA
154	Get Up (and go)	Banya Production	164	S4 S7 S10 S17 D11 D20 DP3	NORMAL	FIESTA
153	Turkey March -Minimal Tunes-	Banya Production	130	S3 S6 S8 S17 D10 D18 DP1	NORMAL	FIESTA
152	Hello William	Banya Production	170	S4 S6 S9 S17 S19 D9 D21	NORMAL	FIESTA
151	Tek -Club Copenhagen-	Banya Production	132	S3 S5 S16 S17 SP5 D17 DP4	NORMAL	FIESTA
150	Arirang	Banya Production	160	S9 S18 S22 D10 D20 DP2	NORMAL	FIESTA
149	Xenesis	Banya Production	152	S4 S7 S10 S18 SP1 D12 D15 D18	NORMAL	FIESTA
148	Do It Reggae Style	Banya Production	96	S13 SP4 D15 DP5	NORMAL	FIESTA
147	NARCISISTA POR EXCELENCIA	PXNDX	164	S3 S5 S8 S16 D9 D18	NORMAL	FIESTA
146	Vacuum	Doin	200	S19 S21 S23 D22 D25 DP3	NORMAL	FIESTA
145	Destination	SHK	150	S4 S7 S11 S16 S18 S19 D13 D20 DP5	NORMAL	FIESTA
144	U Got 2 Know	MAX	127	S2 S7 S8 S17 S18 S19 SP2 D18 DP4	NORMAL	FIESTA
143	Betrayer -act.2-	msgoon	92	S4 S6 S10 SP3 D15 DP3	NORMAL	FIESTA
142	Sorceress Eliese	YAHPP	158	S4 S6 S8 S10 S15 S18 S21 S23 D8 D17 D24 CO2	NORMAL	FIESTA
141	XTREE	YAHPP	190	S3 S7 S12 S20 SP2 D14 D18 D22 DP3	NORMAL	FIESTA
140	Pumptris 8Bit ver.	YAHPP	162	S3 S5 S8 S16 S17 SP15 CO2	NORMAL	NX ~ NXA
139	Trato De No Trabarme	Big metra	105	S10 S22 D24	FULL	NX ~ NXA
138	Digan Lo Que Digan	Nina Pilots	162	S7 S18	FULL	NX ~ NXA
137	Procedimientos Para Llegar A Un Común Acuerdo	PXNDX	160	S6 S17 D7	FULL	NX ~ NXA
136	Panuelito Rojo	Big metra	98	S9 S16 D18	FULL	NX ~ NXA
135	Chopsticks Challenge	YAHPP	128	S15 D19	FULL	NX ~ NXA
134	msgoon RMX pt.3	msgoon	168	S6 S17 D11 D20	REMIX	NX ~ NXA
133	msgoon RMX pt.1	msgoon	120	S7 S17 D17	REMIX	NX ~ NXA
132	Turkey Virus	Banya Production	150-162	S8 S15 D11	REMIX	NX ~ NXA
131	Big metra Remix	Big metra	105	S5 S19 D17	REMIX	NX ~ NXA
130	Nina Pxndx Mix	Nina Pilots & PXNDX	160	S6 S16 D8	REMIX	NX ~ NXA
129	Dr.KOA	Banya Production	156	S8 S18 D20	REMIX	NX ~ NXA
128	Caprice of DJ Otada	Banya Production	180	S11 S19 D22 D25	REMIX	NX ~ NXA
127	The People didn't know “Pumping up”	Banya Production	134	S7 D4 D17	REMIX	NX ~ NXA
126	Final Audition Ep. 2-X	YAHPP	170	S3 S5 S8 S17 S23 D21 D24 DP2	NORMAL	NX ~ NXA
125	Dawn of The Apocalypse	Vassline	160-210	S4 S14 S21 D14 D21	NORMAL	NX ~ NXA
124	Toccata	Banya Production	104	S4 S7 S10 S17 SP3 D14 D17 DP6	NORMAL	NX ~ NXA
123	My Dreams	Banya Production	136	S4 S10 S17 S18 D18 DP5	NORMAL	NX ~ NXA
122	K.O.A : Alice In Wonderworld	Banya Production	156	S2 S3 S5 S8 S17 D10 D18	NORMAL	NX ~ NXA
121	DJ Otada	Banya Production	180	S4 S6 S8 S19 D14 D22	NORMAL	NX ~ NXA
120	The People didn't know	Banya Production	134	S2 S5 S15 D7 D17	NORMAL	NX ~ NXA
119	Digan Lo Que Digan	Nina Pilots	162	S3 S4 S6 S7 S9 S16 D13 D18 DP8	NORMAL	NX ~ NXA
118	Procedimientos Para Llegar A Un Común Acuerdo	PXNDX	160	S3 S7 S15 S18 D7 D16 D19	NORMAL	NX ~ NXA
117	Panuelito Rojo	Big metra	98	S5 S10 SP1 D18 DP4	NORMAL	NX ~ NXA
116	Chopsticks Challenge	YAHPP	128	S6 S17 SP1 D3 D16	NORMAL	NX ~ NXA
115	Cannon X.1	YAHPP	185	S3 S7 S10 S20 S21 D13 D22	NORMAL	NX ~ NXA
114	Blaze Emotion	YAHPP	170	S2 S3 S6 S7 S9 S16 S17 D10 D17 D18	NORMAL	NX ~ NXA
113	Money Fingers	Banya Production	170	S8 S16 D9 D17	REMIX	NX ~ NXA
112	Banya-P Guitar Remix	Banya Production	120	S22 D24	REMIX	NX ~ NXA
111	Energizer	Zig Zag	151	S4 S7 S9 S16 SP2 D11 D17	NORMAL	NX ~ NXA
110	Dance Vibrations	Elpis	130	S4 S5 S10 S14 SP1 D15 D18 DP6	NORMAL	NX ~ NXA
109	Dance All Night	OscillatorX	140	S5 S13 SP2 D15	NORMAL	NX ~ NXA
108	Jam O Beat	Banya Production	120	S7 S14 SP2 D14 DP6	NORMAL	NX ~ NXA
107	Higgledy Piggledy	Banya Production	150	S2 S6 S9 S14 S16 SP1 D8 D15	NORMAL	NX ~ NXA
106	Guitar Man	Banya Production	120	S3 S9 S13 S18 D10 D13 D19	NORMAL	NX ~ NXA
105	Pumptris Quattro	YAHPP	153	S3 S7 S12 S17 S19 SP10 D13 D20 D22 DP2	NORMAL	NX ~ NXA
104	Faster Z	YAHPP	162	S6 S8 S12 S16 S19 S20 D14 D20 D23	NORMAL	NX ~ NXA
103	Monkey Fingers 2	Banya Production	180	S6 S10 S17 D9 D19	NORMAL	NX ~ NXA
102	Money	Banya Production	130	S10 S14 SP4 D12 D16	NORMAL	NX ~ NXA
101	Caprice of Otada	Banya Production	160	S4 S6 S8 S17 D10 D18 D21	NORMAL	NX ~ NXA
100	Beat the ghost	Banya Production	124	S3 S9 S18 S20 D7 D20	NORMAL	NX ~ NXA
99	Solitary 1.5	YAHPP	136	S7 S16 SP4 D18 DP6	NORMAL	NX ~ NXA
98	Beat of The War 2 Full song	YAHPP	120-190	S19 D20	FULL	NX ~ NXA
97	Love is a Danger Zone 2 Full song	YAHPP	100-162	S19 D21	FULL	NX ~ NXA
96	BEMERA	YAHPP	210	S16 S24 D18 D26	REMIX	NX ~ NXA
95	WI-EX-DOC-VA	YAHPP	195	S15 S21 D15 D23	REMIX	NX ~ NXA
94	Final Audition Ep. 2-2	YAHPP	200	S7 S16 S17 S21 S22 D18 D23 D24	NORMAL	NX ~ NXA
93	Final Audition Ep. 2-1	YAHPP	170	S3 S4 S7 S18 S20 S21 D9 D21 D22	NORMAL	NX ~ NXA
92	Ugly Dee	Banya Production	92	S3 S5 S2009 D11 D15	NORMAL	NX ~ NXA
91	Bullfighter's Song	Banya Production	168	S4 S5 S8 S16 D9 D17 D21	NORMAL	NX ~ NXA
90	Gun Rock	Banya Production	104	S5 S11 S17 S18 D11 D18 D22	NORMAL	NX ~ NXA
89	Do U Know That-Old School	Banya Production	120	S4 S6 S14 D18 DP8	NORMAL	NX ~ NXA
88	2006. LOVE SONG	Banya Production	96	S3 S10 S12 S15 D13 DP5	NORMAL	NX ~ NXA
87	Chimera	YAHPP	210	S4 S7 S11 S16 S18 S23 D16 D25 CO2	NORMAL	NX ~ NXA
86	Arch of Darkness	Yahpp	135	S2 S4 S5 S8 S14 S16 D7 D18	NORMAL	NX ~ NXA
85	Witch Doctor #1	Yahpp	122	S2 S5 S8 S9 S15 S16 S18 SP3 D20 D17 D19 DP7	NORMAL	NX ~ NXA
83	Love is a Danger Zone 2 Try To B.P.M	BanYa		S12 S20 D14 D23	REMIX 140~169	EXCEED ~ ZERO
82	Chung Hwa Ban Jeom	Louis	149	S4 S6 S9 S14 SP1 D16 DP2	NORMAL	EXCEED ~ ZERO
81	Papa Gonzales	BanYa	145	S4 S6 S8 S14 D7 D18	NORMAL	EXCEED ~ ZERO
80	Phantom	BanYa	136	S2 S7 S12 S17 S18 D12 D19 D20 DP7	NORMAL	EXCEED ~ ZERO
79	Love is a Danger Zone pt. 2	BanYa	162	S4 S7 S9 S15 S16 S17 S21 D17 D23 CO2	NORMAL	EXCEED ~ ZERO
78	Witch Doctor	BanYa	195	S4 S6 S10 S16 S19 S21 D19 D22 D23	NORMAL	EXCEED ~ ZERO
77	Moonlight	BanYa	180	S4 S7 S10 S18 S19 D11 D20 D21	NORMAL	EXCEED ~ ZERO
76	Beat of The War 2	BanYa	120-190	S4 S5 S6 S10 S16 D12 D19	NORMAL	EXCEED ~ ZERO
75	Canon D FULL Song MIX	Banya	160	S11 S16 D23 D24	FULL	EXCEED ~ ZERO
74	BANYA HIPHOP REMIX	BanYa	99	S6 S7 DP6	REMIX	EXCEED ~ ZERO
73	Banya Classic Remix	BanYa	162-170	S7 S19 D11 D20	REMIX	EXCEED ~ ZERO
72	Tream Vook of the war	BanYa	184-202	S11 S19 D13 D22	REMIX	EXCEED ~ ZERO
71	Canon D	BanYa	160	S3 S7 S9 S17 S20 S21 D10 D17 D22 CO2	NORMAL	EXCEED ~ ZERO
70	Solitary 2	BanYa	136	S4 S6 S8 S17 SP3 D18 DP6	NORMAL	EXCEED ~ ZERO
69	Hi Bi	BanYa	145	S3 S5 S8 S15 S18 D8 D18 D20	NORMAL	EXCEED ~ ZERO
68	J Bong	BanYa	140	S3 S5 S7 S8 S13 D17 DP5	NORMAL	EXCEED ~ ZERO
67	I'll Give You All My Love	Wax	164	S2 S4 S7 S16 D7 D18	NORMAL	EXCEED ~ ZERO
66	Deja Vu	SOM2	115	S1 S3 S6 S13 D6 D13	NORMAL	EXCEED ~ ZERO
65	Get Up!	BanYa	180	S4 S8 S13 D9 D17 D18	NORMAL	EXCEED ~ ZERO
64	X Treme	BanYa	162	S4 S7 S9 S14 S18 D13 D19	NORMAL	EXCEED ~ ZERO
63	Pump Me Amadeus	BanYa	170	S3 S5 S9 S17 D10 D18 D19	NORMAL	EXCEED ~ ZERO
62	Blazing	BanYa	158	S3 S6 S9 S15 D19	NORMAL	EXCEED ~ ZERO
61	Monkey Fingers	BanYa	186	S3 S5 S8 S15 SP5 D17	NORMAL	EXCEED ~ ZERO
60	Naissance 2	BanYa	129	S6 S13 SP3 D15 D19 DP5	NORMAL	EXCEED ~ ZERO
59	Final Audition 3	BanYa	130	S2 S5 S6 S9 S14 S17 SP3 D17 D19 DP5	NORMAL	EXCEED ~ ZERO
58	Come to Me	BanYa	100-107	S4 S6 S11 S12 S15 SP3 D13 D14 DP6	NORMAL	EXTRA ~ PREX3
57	Beat of The War	BanYa	140-202	S3 S5 S9 S10 S15 D12 D19	NORMAL	EXTRA ~ PREX3
56	Hello	BanYa	140	S7 S16 D9 D16	NORMAL	EXTRA ~ PREX3
55	D Gang	BanYa	150	S4 S6 S9 S18 D7 D15	NORMAL	EXTRA ~ PREX3
54	Bee	BanYa	160	S4 S7 S10 S11 S15 S19 D11 D19 D21 D23	NORMAL	EXTRA ~ PREX3
53	Csikos Post	BanYa	180	S3 S7 S10 S13 D8 D16 D21	NORMAL	EXTRA ~ PREX3
52	Vook	BanYa	184	S4 S7 S9 S15 S17 S20 D12 D17 D18 D19	NORMAL	EXTRA ~ PREX3
51	Dance with me	BanYa	122	S2 S4 S6 S12 S14 SP4 D15 DP4 DP6	NORMAL	EXTRA ~ PREX3
50	Set me up	BanYa	120	S2 S4 S6 S9 S13 SP4 DP4 DP7	NORMAL	EXTRA ~ PREX3
49	Miss S' story	BanYa	111	S5 S18 SP3 D19 DP5	NORMAL	EXTRA ~ PREX3
48	We will meet again	BanYa	118	S3 S8 S13 S14 D8	NORMAL	EXTRA ~ PREX3
47	Oy Oy Oy	BanYa	148	S4 S6 S8 S13 SP2 D13 DP3	NORMAL	EXTRA ~ PREX3
46	Till the end of time	BanYa	140	S2 S4 S9 S13 S17 D8 D13 D16 DP3	NORMAL	EXTRA ~ PREX3
45	Will-O'-The-Wisp	BanYa	210	S3 S5 S10 S13 S19 D10 D13 D19 D21	NORMAL	EXTRA ~ PREX3
44	Winter	BanYa	168	S4 S6 S8 S15 D11 D17 D19	NORMAL	EXTRA ~ PREX3
43	Top City	BanYa	110	S4 S6 S12 D7	NORMAL	EXTRA ~ PREX3
42	Street show down	BanYa	124	S7 S15 SP4 D13 DP6	NORMAL	EXTRA ~ PREX3
41	Point Break	BanYa	92	S6 SP3 D14 DP6	NORMAL	EXTRA ~ PREX3
40	My way	BanYa	118	S3 S5 S8 S12 SP2 D15 DP4 DP6	NORMAL	EXTRA ~ PREX3
39	Mission Possible	BanYa	124	S5 S7 S13 S19 D8	NORMAL	EXTRA ~ PREX3
38	Maria	BanYa	136	S6 S11 S15 S18 D15	NORMAL	EXTRA ~ PREX3
37	Love is a Danger Zone	BanYa	140	S3 S7 S10 S15 S19 D6 D15 D20 CO2	NORMAL	EXTRA ~ PREX3
36	Get Your Groove On	BanYa	96	S4 S6 S13 D9	NORMAL	EXTRA ~ PREX3
35	Emperor	BanYa	150	S2 S5 S8 S11 S16 SP3 D17 DP3	NORMAL	EXTRA ~ PREX3
34	Dr. M	BanYa	145	S3 S7 S9 S12 S16 D11 D16	NORMAL	EXTRA ~ PREX3
33	EXTRA BanYa Remix	Banya Production	200	S8 S21 D13	REMIX	NX ~ NXA
32	Final Audition Ep. 1	BanYa	189	S4 S7 S8 S13 S15 S19 D11 D21 D23	NORMAL	EXTRA ~ PREX3
31	CHICKEN WING	BanYa	200	S4 S6 S9 S10 S17 S19 S21 D11 D17 D23	NORMAL	EXTRA ~ PREX3
30	Slam	Novasonic	131	S3 S6 S9 S17 S18 D6 D20	NORMAL	1ST ~ PERFECT COLLECTION
29	Beethoven Virus	BanYa	162	S4 S7 S8 S13 S16 S17 D8 D18 D20 DP3	NORMAL	1ST ~ PERFECT COLLECTION
28	All I Want For X-mas	BanYa	130	S3 S6 S11 D7	NORMAL	1ST ~ PERFECT COLLECTION
27	Rolling Christmas	BanYa	142	S3 S5 S8 S13 D5 D13 D17 CO2	NORMAL	1ST ~ PERFECT COLLECTION
26	N	BanYa	106	S5 S16 SP2 D16 DP5	NORMAL	1ST ~ PERFECT COLLECTION
25	Pump Jump	BanYa	106	S4 S15 SP2 D17 DP4	NORMAL	1ST ~ PERFECT COLLECTION
24	Mr. Larpus	BanYa	190	S3 S5 S11 S14 S20 S22 D14 D17 D23	NORMAL	1ST ~ PERFECT COLLECTION
23	Solitary	BanYa	136	S2 S4 S6 S8 S9 S16 S17 SP3 D7 D16 DP5	NORMAL	1ST ~ PERFECT COLLECTION
22	Betrayer	BanYa	136	S1 S5 S8 S13 S16 SP2 D8 D13 D17	NORMAL	1ST ~ PERFECT COLLECTION
21	First Love	BanYa	104	S4 S9 SP1 D14 DP4	NORMAL	1ST ~ PERFECT COLLECTION
20	Oh! Rosa	BanYa	148	S7 S13 D7	NORMAL	1ST ~ PERFECT COLLECTION
19	Don't Bother Me	Tashannie	110	S4 S5 S10 SP2 D5 D13	NORMAL	1ST ~ PERFECT COLLECTION
18	Pumping Up	BanYa	135	S4 S12	NORMAL	1ST ~ PERFECT COLLECTION
17	She Likes Pizza	BanYa	230	S8 S9 D9 D16	NORMAL	1ST ~ PERFECT COLLECTION
16	Midnight Blue	BanYa	80	S12 SP4 D13 DP5	NORMAL	1ST ~ PERFECT COLLECTION
15	Free Style	BanYa	99	S13 SP1 DP3	NORMAL	1ST ~ PERFECT COLLECTION
14	Close Your Eye	BanYa	105	S4 SP2 DP3	NORMAL	1ST ~ PERFECT COLLECTION
13	Nightmare	BanYa	120	S1 S4 D13 DP5	NORMAL	1ST ~ PERFECT COLLECTION
12	Turkey March	BanYa	150	S3 S7 S12 S15 S18 D9 D17 D19 CO2	NORMAL	1ST ~ PERFECT COLLECTION
11	Naissance	BanYa	136	S4 S7 S8 S10 S20 D7 D15	NORMAL	1ST ~ PERFECT COLLECTION
10	Final Audition 2	BanYa	130	S4 S7 S8 S10 S16 D8 D17 D19 DP3	NORMAL	1ST ~ PERFECT COLLECTION
9	Repeatorment Remix	BanYa	150	S7 S19 D8	REMIX	1ST ~ PERFECT COLLECTION
8	Mobius Strip	Sechs Kies	106	S2 S4 S6 S12 D7 D14	NORMAL	1ST ~ PERFECT COLLECTION
7	Com'Back	Sechs Kies	158	S4 S6 S8 S15 D7 D16	NORMAL	1ST ~ PERFECT COLLECTION
6	Extravaganza	BanYa	195	S4 S7 S9 S11 S16 S21 D12 D17 D19	NORMAL	1ST ~ PERFECT COLLECTION
5	Final Audition	BanYa	130	S2 S6 S7 S9 S15 S17 D15 D17 DP3	NORMAL	1ST ~ PERFECT COLLECTION
4	Another Truth	Novasonic	136	S3 S5 S8 S15 D6 D16 D17 D22	NORMAL	1ST ~ PERFECT COLLECTION
3	Funky Tonight	CLON	105	S2 S4 S5 S12 D4 D14	NORMAL	1ST ~ PERFECT COLLECTION
2	Hypnosis	BanYa	180	S7 S15 S18 D8 D15 D18	NORMAL	1ST ~ PERFECT COLLECTION
1	Ignition Starts	BanYa	146	S8 S15 S18 D10 D17	NORMAL	1ST ~ PERFECT COLLECTION
